time,value
0.0,3.1881788746174577e-13
0.0010130000000000004,0.18233976916007175
0.002037000000000001,0.36665812303342904
0.0030610000000000017,0.5509736309478493
0.004085000000000002,0.7352848621937328
0.005109000000000002,0.9195903860061622
0.006133000000000003,1.1038887715464025
0.007157000000000004,1.288178587883406
0.008181000000000004,1.4724584039753221
0.009205000000000005,1.6567267886510129
0.010229000000000005,1.8409823105915808
0.011253000000000006,2.0252235383119
0.012253000000000007,2.2051314457074365
0.013253000000000008,2.385023022193098
0.014253000000000009,2.5648969340345977
0.01525300000000001,2.744751847280178
0.01625300000000001,2.924586427744259
0.01725300000000001,3.10439934099111
0.018253000000000012,3.2841892523185345
0.019253000000000013,3.463954826741565
0.020253000000000014,3.6436947289761767
0.021253000000000015,3.8234076234230265
0.022253000000000016,4.003092174151194
0.023253000000000017,4.18274704488197
0.024253000000000018,4.362370898972631
0.02525300000000002,4.54196239940026
0.02625300000000002,4.721520208745592
0.02725300000000002,4.901042989176858
0.02825300000000002,5.080529402433681
0.029253000000000022,5.259978109810986
0.030253000000000023,5.439387772142938
0.031253000000000024,5.618757049786902
0.032253000000000025,5.7980846026074415
0.033253000000000026,5.97736908996035
0.034253000000000026,6.156609170676692
0.03525300000000003,6.335803503046901
0.03625300000000003,6.514950744804899
0.03725300000000003,6.694049553112242
0.03825300000000003,6.873098584542324
0.03925300000000003,7.052096495064587
0.04025300000000003,7.231041940028798
0.04125300000000003,7.409933574149341
0.042253000000000034,7.58877005148956
0.043253000000000034,7.767550025446141
0.044253000000000035,7.946272148733533
0.045253000000000036,8.124935073368418
0.04625300000000004,8.303537450654213
0.04725300000000004,8.482077931165627
0.04825300000000004,8.660555164733266
0.04925300000000004,8.838967800428268
0.05025300000000004,9.017314486547011
0.05125300000000004,9.195593870595848
0.05225300000000004,9.373804599275907
0.05325300000000004,9.551945318467933
0.054253000000000044,9.7300146732172
0.055253000000000045,9.908011307718441
0.056253000000000046,10.08593386530089
0.05725300000000005,10.263780988413302
0.05825300000000005,10.441551318609116
0.05925300000000005,10.619243496531624
0.06025300000000005,10.796856161899198
0.06125300000000005,10.974387953490602
0.06225300000000005,11.151837509130367
0.06325300000000005,11.329203465674192
0.06425300000000005,11.506484458994462
0.06525300000000005,11.683679123965792
0.06625300000000005,11.860786094450667
0.06725300000000005,12.03780400328511
0.06825300000000005,12.214731482264476
0.06925300000000005,12.391567162129263
0.07025300000000005,12.568309672551031
0.07125300000000005,12.744957642118392
0.07225300000000005,12.921509698323044
0.07325300000000005,13.097964467545914
0.07425300000000006,13.27432057504338
0.07525300000000006,13.450576644933534
0.07625300000000006,13.626731300182575
0.07725300000000006,13.802783162591245
0.07825300000000006,13.978730852781368
0.07925300000000006,14.154572990182462
0.08025300000000006,14.330308193018462
0.08125300000000006,14.505935078294483
0.08225300000000006,14.681452261783726
0.08325300000000006,14.856858358014415
0.08425300000000006,15.0321519802569
0.08525300000000006,15.207331740510776
0.08625300000000007,15.382396249492144
0.08725300000000007,15.557344116620957
0.08825300000000007,15.73217395000845
0.08925300000000007,15.906884356444712
0.09000300000000007,16.037837948480586
0.09100300000000007,16.212336001322864
0.09200300000000007,16.38671078897377
0.09300300000000007,16.560960913159754
0.09400300000000007,16.73508497422829
0.09500300000000007,16.909081571136035
0.09600300000000007,17.08294930143706
0.09700300000000008,17.256686761271233
0.09800300000000008,17.43029254535265
0.09900300000000008,17.603765246958233
0.10000300000000008,17.777103457916454
0.10100300000000008,17.950305768596124
0.10200300000000008,18.123370767895317
0.10300300000000008,18.296297043230428
0.10400300000000008,18.469083180525402
0.10500300000000008,18.641727764200972
0.10600300000000008,18.81422937716408
0.10700300000000008,18.986586600797477
0.10800300000000009,19.1587980149494
0.10900300000000009,19.330862197923317
0.11000300000000009,19.502777726467972
0.11100300000000009,19.674543175767372
0.11200300000000009,19.846157119431048
0.11300300000000009,20.01761812948441
0.11400300000000009,20.188924776359226
0.11500300000000009,20.360075628884235
0.11600300000000009,20.531069254275963
0.11700300000000009,20.701904218129602
0.1180030000000001,20.872579084410116
0.1190030000000001,21.043092415443418
0.1200030000000001,21.213442771907765
0.1210030000000001,21.383628712825256
0.1220030000000001,21.553648795553517
0.1230030000000001,21.723501575777526
0.1240030000000001,21.89318560750158
0.1250030000000001,22.062699443041495
0.1260030000000001,22.232041633016824
0.1270030000000001,22.401210726343436
0.1280030000000001,22.570205270226065
0.1290030000000001,22.739023810151153
0.1300030000000001,22.907664889879836
0.1310030000000001,23.076127051441063
0.1320030000000001,23.244408835124943
0.1330030000000001,23.41250877947621
0.1340030000000001,23.580425421287945
0.1350030000000001,23.748157295595377
0.1360030000000001,23.915702935669962
0.1370030000000001,24.083060873013583
0.1380030000000001,24.250229637352977
0.1390030000000001,24.417207756634294
0.1400030000000001,24.58399375701792
0.1410030000000001,24.750586162873446
0.1420030000000001,24.916983496774836
0.1430030000000001,25.083184279495796
0.1440030000000001,25.249187030005363
0.1450030000000001,25.41499026546366
0.1465030000000001,25.663317779755264
0.1475030000000001,25.82861572825418
0.1485030000000001,25.993708957460854
0.1495030000000001,26.1585959763485
0.1505030000000001,26.323275292061876
0.1515030000000001,26.487745409914417
0.1525030000000001,26.652004833385583
0.1535030000000001,26.816052064118434
0.1545030000000001,26.979885601917427
0.1555030000000001,27.14350394474644
0.15650300000000011,27.30690558872704
0.15750300000000012,27.470089028136933
0.15850300000000012,27.633052755408695
0.15950300000000012,27.79579526112871
0.16050300000000012,27.958315034036378
0.16150300000000012,28.120610561023508
0.16250300000000012,28.28268032713398
0.16350300000000012,28.44452281556372
0.16450300000000012,28.60613650766075
0.16550300000000012,28.767519882925683
0.16650300000000012,28.928671419012353
0.16750300000000012,29.089589591728718
0.16850300000000012,29.250272875038007
0.16950300000000013,29.41071974106019
0.17050300000000013,29.57092866007366
0.17150300000000013,29.730898100517127
0.17250300000000013,29.89062652899192
0.17350300000000013,30.050112410264404
0.17450300000000013,30.209354207268774
0.17550300000000013,30.368350381110076
0.17650300000000013,30.527099391067498
0.17750300000000013,30.685599694598018
0.17850300000000013,30.843849747340172
0.17950300000000013,31.001848003118322
0.18050300000000014,31.159592913946952
0.18150300000000014,31.317082930035543
0.18200300000000014,31.39573186775043
0.18300300000000014,31.55283663193552
0.18400300000000014,31.709682619040677
0.18500300000000014,31.866268272999072
0.18600300000000014,32.02259203596371
0.18700300000000014,32.178652348313804
0.18800300000000014,32.33444764866143
0.18900300000000014,32.48997637385853
0.19000300000000014,32.64523695900417
0.19100300000000014,32.80022783745215
0.19200300000000015,32.95494744081891
0.19300300000000015,33.10939419899178
0.19400300000000015,33.263566540137525
0.19500300000000015,33.41746289071122
0.19600300000000015,33.57108167546547
0.19700300000000015,33.72442131745993
0.19800300000000015,33.87748023807115
0.19900300000000015,34.03025685700281
0.20000300000000015,34.182749592296254
0.20100300000000015,34.33495686034132
0.20200300000000015,34.4868770758876
0.20300300000000016,34.638508652055975
0.20400300000000016,34.78985000035055
0.20500300000000016,34.940899530670855
0.20600300000000016,35.091655651324515
0.20700300000000016,35.242116769040166
0.20800300000000016,35.39228128898081
0.20900300000000016,35.54214761475743
0.21000300000000016,35.69171414844313
0.21100300000000016,35.84097929058741
0.21200300000000016,35.9899414402311
0.21300300000000016,36.13859899492131
0.21400300000000017,36.28695035072712
0.21500300000000017,36.43499390225531
0.21650300000000017,36.65647858117521
0.21750300000000017,36.803745588966194
0.21850300000000017,36.95069916232667
0.21950300000000017,37.097337689490224
0.22050300000000017,37.24365955732236
0.22150300000000017,37.38966315133894
0.22250300000000017,37.535346855724896
0.22350300000000017,37.68070905335347
0.22450300000000017,37.82574812580572
0.22550300000000018,37.970462453390475
0.22650300000000018,38.11485041516475
0.22750300000000018,38.2589103889545
0.22850300000000018,38.40264075137572
0.22950300000000018,38.54603987785616
0.23050300000000018,38.689106142657195
0.23150300000000018,38.83183791889632
0.23250300000000018,38.97423357856991
0.23300300000000018,39.04530485564266
0.23400300000000018,39.18719328556608
0.23500300000000018,39.328741524163696
0.23600300000000018,39.46994793969382
0.23700300000000019,39.61081089940157
0.2380030000000002,39.75132876954402
0.2390030000000002,39.8914999154157
0.2400030000000002,40.031322701374705
0.2410030000000002,40.17079549086906
0.2420030000000002,40.30991664646358
0.2430030000000002,40.44868452986722
0.2440030000000002,40.58709750196076
0.2450030000000002,40.72515392282505
0.2460030000000002,40.86285215176958
0.2470030000000002,41.000190547361576
0.2480030000000002,41.1371674674555
0.2490030000000002,41.27378126922299
0.2500030000000002,41.41003030918331
0.2510030000000002,41.5459129432342
0.2520030000000002,41.68142752668311
0.2530030000000002,41.81657241427905
0.2540030000000002,41.951345960244765
0.2550030000000002,42.08574651830942
0.2560030000000002,42.21977244174168
0.2570030000000002,42.353422083383386
0.2580030000000002,42.48669379568349
0.2590030000000002,42.619585930732654
0.2600030000000002,42.75209684029819
0.2610030000000002,42.88422487585944
0.2620030000000002,43.015968388643735
0.2630030000000002,43.14732572966274
0.2640030000000002,43.278295249749284
0.2650030000000002,43.40887529959463
0.2665030000000002,43.60401150955151
0.2675030000000002,43.73361066748124
0.2685030000000002,43.862814582023894
0.2695030000000002,43.99162160370788
0.2705030000000002,44.120030083133486
0.2715030000000002,44.24803837101336
0.2725030000000002,44.37564481821324
0.2735030000000002,44.50284777579329
0.2745030000000002,44.62964559504985
0.2755030000000002,44.756036627557705
0.2765030000000002,44.88201922521274
0.2775030000000002,45.007591740275174
0.2785030000000002,45.13275252541324
0.2795030000000002,45.25749993374723
0.2805030000000002,45.381832318894226
0.2815030000000002,45.50574803501306
0.2825030000000002,45.62924543684997
0.2835030000000002,45.75232287978455
0.28450300000000023,45.874978719876296
0.28550300000000023,45.99721131391156
0.28650300000000023,46.11901901945101
0.28750300000000023,46.240400194877544
0.28850300000000023,46.36135319944466
0.28950300000000023,46.4818763933253
0.29050300000000023,46.601968137661224
0.29150300000000023,46.721626794612774
0.29250300000000024,46.84085072740911
0.29350300000000024,46.95963830039904
0.29450300000000024,47.07798787910202
0.29550300000000024,47.19589783026
0.29650300000000024,47.313366521889485
0.29750300000000024,47.43039232333402
0.29850300000000024,47.546973605317376
0.29950300000000024,47.663108739996936
0.30050300000000024,47.77879610101771
0.30150300000000024,47.89403406356669
0.30250300000000024,48.008821004427766
0.30350300000000024,48.123155302037006
0.30450300000000025,48.23703533653841
0.30550300000000025,48.35045948984014
0.30650300000000025,48.463426145671136
0.30750300000000025,48.575933689638255
0.30850300000000025,48.68798050928377
0.30950300000000025,48.79956499414333
0.31050300000000025,48.91068553580441
0.31150300000000025,49.0213405279651
0.31250300000000025,49.131528366493384
0.31350300000000025,49.24124744948685
0.31450300000000025,49.35049617733278
0.31550300000000026,49.459272952768714
0.31650300000000026,49.56757618094333
0.31750300000000026,49.675404269477895
0.31850300000000026,49.782755628527994
0.31950300000000026,49.889628670845724
0.32050300000000026,49.99602181184226
0.32150300000000026,50.10193346965084
0.32250300000000026,50.20736206519016
0.32350300000000026,50.31230602222814
0.32450300000000026,50.41676376744607
0.32550300000000026,50.520733730503125
0.32650300000000027,50.62421434410134
0.32750300000000027,50.72720404405087
0.32850300000000027,50.82970126933563
0.32950300000000027,50.93170446217935
0.33050300000000027,51.033212068111965
0.33150300000000027,51.134222536036354
0.33250300000000027,51.23473431829542
0.33350300000000027,51.33474587073954
0.3345030000000003,51.43425565279435
0.3355030000000003,51.53326212752883
0.3365030000000003,51.63176376172381
0.3375030000000003,51.72975902594071
0.3385030000000003,51.82724639459056
0.3395030000000003,51.924224346003534
0.3405030000000003,52.020691362498546
0.3415030000000003,52.11664593045331
0.3425030000000003,52.21208654037466
0.3435030000000003,52.3070116869691
0.3445030000000003,52.401419869213704
0.3455030000000003,52.49530959042726
0.3465030000000003,52.588679358341764
0.3475030000000003,52.681527685173954
0.3485030000000003,52.77385308769742
0.3495030000000003,52.86565408731469
0.3505030000000003,52.956929210129694
0.3515030000000003,53.04767698702047
0.3525030000000003,53.13789595371202
0.3535030000000003,53.22758465084945
0.3545030000000003,53.316741624071305
0.3555030000000003,53.40536542408312
0.3565030000000003,53.49345460673114
0.3575030000000003,53.58100773307628
0.3585030000000003,53.668023369468244
0.3595030000000003,53.75450008761976
0.3605030000000003,53.84043646468112
0.3615030000000003,53.92583108331474
0.3625030000000003,54.010682531769994
0.3635030000000003,54.09498940395804
0.3645030000000003,54.178750299526925
0.3655030000000003,54.26196382393676
0.3665030000000003,54.34462858853502
0.3675030000000003,54.4267432106319
0.3685030000000003,54.508306313575844
0.3695030000000003,54.58931652682914
0.3705030000000003,54.6697724860436
0.3715030000000003,54.749672833136295
0.3725030000000003,54.82901621636533
0.3735030000000003,54.90780129040582
0.3745030000000003,54.986026716425656
0.3755030000000003,55.06369116216156
0.3765030000000003,55.140793301995004
0.3775030000000003,55.21733181702824
0.3785030000000003,55.293305395160246
0.3795030000000003,55.36871273116276
0.3805030000000003,55.443552526756235
0.3815030000000003,55.51782349068583
0.3825030000000003,55.5915243387973
0.3835030000000003,55.66465379411289
0.3845030000000003,55.73721058690719
0.3855030000000003,55.80919345478287
0.3865030000000003,55.880601142746386
0.3875030000000003,55.95143240328361
0.3885030000000003,56.021685996435295
0.3895030000000003,56.091360689872545
0.3905030000000003,56.1604552589721
0.3915030000000003,56.22896848689147
0.3925030000000003,56.29689916464398
0.3935030000000003,56.36424609117373
0.3945030000000003,56.431008073430235
0.3955030000000003,56.49718392644301
0.3965030000000003,56.562772473395974
0.39750300000000033,56.62777254570163
0.39850300000000033,56.6921829830751
0.39950300000000033,56.75600263360778
0.40050300000000033,56.819230353841036
0.40150300000000033,56.88186500883944
0.40250300000000033,56.9439054722639
0.40350300000000033,57.00535062644441
0.40450300000000033,57.06619936245268
0.40550300000000034,57.12645058017433
0.40650300000000034,57.186103188380955
0.40750300000000034,57.24515610480175
0.40850300000000034,57.3036082561949
0.40950300000000034,57.361458578418585
0.41050300000000034,57.41870601650178
0.41150300000000034,57.475349524714524
0.41250300000000034,57.531388066638
0.41350300000000034,57.586820615234146
0.41450300000000034,57.64164615291487
0.41550300000000034,57.695863671611
0.41650300000000035,57.7494721728407
0.41750300000000035,57.80247066777752
0.41850300000000035,57.854858177318036
0.41950300000000035,57.90663373214905
0.42050300000000035,57.95779637281431
0.42150300000000035,58.00834514978083
0.42250300000000035,58.058279123504654
0.42350300000000035,58.107597364496264
0.42450300000000035,58.156298953385324
0.42550300000000035,58.20438298098514
0.42650300000000035,58.25184854835637
0.42750300000000035,58.298694766870454
0.42850300000000036,58.34492075827224
0.42950300000000036,58.390525654742305
0.43050300000000036,58.43550859895863
0.43150300000000036,58.47986874415758
0.43250300000000036,58.52360525419453
0.43350300000000036,58.5667173036038
0.43450300000000036,58.60920407765786
0.43550300000000036,58.6510647724262
0.43650300000000036,58.69229859483331
0.43750300000000036,58.73290476271622
0.43850300000000036,58.77288250488124
0.43950300000000037,58.81223106116026
0.44050300000000037,58.850949682466116
0.44150300000000037,58.88903763084752
0.44250300000000037,58.92649417954319
0.44350300000000037,58.96331861303532
0.44450300000000037,58.99951022710229
0.44550300000000037,59.03506832887085
0.44650300000000037,59.06999223686725
0.4475030000000004,59.10428128106804
0.4485030000000004,59.13793480294978
0.4495030000000004,59.17095215553824
0.4505030000000004,59.20333270345671
0.4515030000000004,59.2350758229736
0.4525030000000004,59.266180902049236
0.4535030000000004,59.29664734038191
0.4545030000000004,59.326474549453074
0.4555030000000004,59.35566195257179
0.4565030000000004,59.38420898491838
0.4575030000000004,59.41211509358713
0.4585030000000004,59.43937973762838
0.4595030000000004,59.46600238808955
0.4605030000000004,59.49198252805554
0.4615030000000004,59.517319652688066
0.4625030000000004,59.54201326926435
0.4635030000000004,59.56606289721477
0.4645030000000004,59.58946806815971
0.4655030000000004,59.61222832594557
0.4665030000000004,59.63434322667982
0.4675030000000004,59.65581233876518
0.4685030000000004,59.67663524293291
0.4695030000000004,59.696811532275206
0.4705030000000004,59.716340812276634
0.4715030000000004,59.73522270084475
0.4725030000000004,59.753456828339594
0.4735030000000004,59.77104283760252
0.4745030000000004,59.787980383983836
0.4755030000000004,59.80426913536973
0.4765030000000004,59.81990877220802
0.4775030000000004,59.834898987533116
0.4785030000000004,59.849239486990015
0.4795030000000004,59.86292998885723
0.4805030000000004,59.875970224068844
0.4815030000000004,59.88835993623556
0.4825030000000004,59.90009888166481
0.4835030000000004,59.91118682937976
0.4845030000000004,59.921623561137565
0.4855030000000004,59.931408871446386
0.4865030000000004,59.94054256758161
0.4875030000000004,59.94902446960093
0.4885030000000004,59.956854410358524
0.4895030000000004,59.964032235518246
0.4905030000000004,59.97055780356569
0.4915030000000004,59.97643098581941
0.4925030000000004,59.981651666441074
0.4935030000000004,59.98621974244447
0.4945030000000004,59.99013512370378
0.4955030000000004,59.99339773296059
0.4965030000000004,59.996007505830015
0.4975030000000004,59.99796439080581
0.4985030000000004,59.999268349264376
0.4995030000000004,59.99991935546787
0.5005030000000004,59.999917396566175
0.5015030000000004,59.99926247259795
0.5025030000000004,59.99795459649062
0.5035030000000004,59.9959937940594
0.5045030000000004,59.99338010400516
0.5055030000000004,59.990113577911465
0.5065030000000004,59.98619428024043
0.5075030000000004,59.9816222883277
0.5085030000000004,59.9763976923763
0.5095030000000004,59.97052059544951
0.5105030000000004,59.96399111346282
0.5115030000000004,59.95680937517469
0.5125030000000004,59.94897552217646
0.5135030000000004,59.94048970888121
0.5145030000000004,59.931352102511575
0.5155030000000004,59.92156288308656
0.5165030000000004,59.91112224340747
0.5175030000000004,59.90003038904268
0.5185030000000004,59.88828753831152
0.5195030000000004,59.875893922267124
0.5205030000000004,59.862849784678346
0.5215030000000004,59.84915538201056
0.5225030000000004,59.83481098340571
0.5235030000000004,59.81981687066112
0.5245030000000004,59.80417333820759
0.5255030000000004,59.78788069308625
0.5265030000000004,59.770939254924706
0.5275030000000004,59.75334935591213
0.5285030000000004,59.7351113407733
0.5295030000000004,59.71622556674185
0.5305030000000004,59.69669240353252
0.5315030000000004,59.676512233312415
0.5325030000000004,59.6556854506714
0.5335030000000004,59.634212462591535
0.5345030000000004,59.61209368841564
0.5355030000000004,59.58932955981485
0.5365030000000004,59.56592052075536
0.5375030000000004,59.54186702746429
0.5385030000000004,59.517169548394435
0.5395030000000004,59.49182856418846
0.5405030000000004,59.46584456764197
0.5415030000000004,59.43921806366581
0.5425030000000004,59.41194956924745
0.5435030000000004,59.38403961341153
0.5445030000000004,59.35548873717961
0.5455030000000004,59.32629749352897
0.5465030000000004,59.296466447350696
0.5475030000000004,59.265996175406805
0.5485030000000004,59.234887266286655
0.5495030000000004,59.20314032036253
0.5505030000000004,59.1707559497444
0.5515030000000004,59.137734778233856
0.5525030000000004,59.10407744127734
0.5535030000000004,59.06978458591853
0.5545030000000004,59.03485687075002
0.5555030000000004,58.99929496586409
0.5565030000000004,58.963099552803016
0.5575030000000004,58.92627132450836
0.5585030000000004,58.888810985269636
0.5595030000000004,58.850719250672256
0.5605030000000004,58.81199684754482
0.5615030000000004,58.77264451390561
0.5625030000000004,58.73266299890839
0.5635030000000004,58.692053062787636
0.5645030000000004,58.650815476803
0.5655030000000004,58.6089510231831
0.5665030000000004,58.56646049506876
0.5675030000000004,58.52334469645544
0.5685030000000004,58.479604442135255
0.5695030000000004,58.43524055763817
0.5705030000000004,58.390253879172676
0.5715030000000004,58.34464525356595
0.5725030000000004,58.29841553820317
0.5735030000000004,58.25156560096659
0.5745030000000004,58.20409632017375
0.5755030000000004,58.15600858451528
0.5765030000000004,58.1073032929922
0.5775030000000004,58.05798135485249
0.5785030000000004,58.00804368952736
0.5795030000000004,57.957491226566916
0.5805030000000004,57.90632490557518
0.5815030000000004,57.854545676144916
0.5825030000000004,57.802154497791705
0.5835030000000004,57.74915233988767
0.5845030000000004,57.69554018159481
0.5855030000000004,57.64131901179767
0.5865030000000004,57.586489829035834
0.5875030000000004,57.53105364143579
0.5885030000000004,57.47501146664253
0.5895030000000004,57.41836433175061
0.5905030000000004,57.361113273234906
0.5915030000000004,57.30325933688106
0.5925030000000004,57.24480357771536
0.5935030000000004,57.18574705993437
0.5945030000000004,57.12609085683432
0.5955030000000004,57.06583605073998
0.5965030000000004,57.004983732933276
0.5975030000000005,56.94353500358171
0.5985030000000005,56.8814909716662
0.5995030000000005,56.818852754909
0.6005030000000005,56.75562147970101
0.6015030000000005,56.691798281028994
0.6025030000000005,56.62738430240253
0.6035030000000005,56.56238069578067
0.6045030000000005,56.49678862149834
0.6055030000000005,56.43060924819265
0.6065030000000005,56.363843752728805
0.6075030000000005,56.296493320126004
0.6085030000000005,56.22855914348296
0.6095030000000005,56.16004242390342
0.6105030000000005,56.0909443704214
0.6115030000000005,56.02126619992628
0.6125030000000005,55.951009137087794
0.6135030000000005,55.88017441428086
0.6145030000000005,55.808763271510266
0.6155030000000005,55.73677695633524
0.6165030000000005,55.664216723793956
0.6175030000000005,55.59108383632798
0.6185030000000005,55.51737956370644
0.6195030000000005,55.44310518295037
0.6205030000000005,55.36826197825685
0.6215030000000005,55.2928512409231
0.6225030000000005,55.216874269270576
0.6235030000000005,55.14033236856903
0.6245030000000005,55.06322685096045
0.6255030000000005,54.985559035383154
0.6265030000000005,54.90733024749577
0.6275030000000005,54.82854181960122
0.6285030000000005,54.74919509057078
0.6295030000000005,54.66929140576808
0.6305030000000005,54.58883211697327
0.6315030000000005,54.50781858230711
0.6325030000000005,54.426252166155145
0.6335030000000005,54.344134239092014
0.6345030000000005,54.261466177805694
0.6355030000000005,54.17824936502202
0.6365030000000005,54.09448518942904
0.6375030000000005,54.01017504560178
0.6385030000000005,53.9253203339268
0.6395030000000005,53.839922460527134
0.6405030000000005,53.75398283718718
0.6415030000000005,53.66750288127783
0.6425030000000005,53.5804840156816
0.6435030000000005,53.49292766871817
0.6445030000000005,53.40483527406979
0.6455030000000005,53.31620827070707
0.6465030000000005,53.227048102814834
0.6475030000000005,53.13735621971814
0.6485030000000005,53.04713407580864
0.6495030000000005,52.956383130470975
0.6505030000000005,52.86510484800942
0.6515030000000005,52.773300697574825
0.6525030000000005,52.68097215309166
0.6535030000000005,52.588120693185395
0.6545030000000005,52.49474780111004
0.6555030000000005,52.400854964675894
0.6565030000000005,52.30644367617771
0.6575030000000005,52.21151543232296
0.6585030000000005,52.1160717341604
0.6595030000000005,52.02011408700891
0.6605030000000005,51.92364400038669
0.6615030000000005,51.826662987940544
0.6625030000000005,51.729172567375706
0.6635030000000005,51.63117426038577
0.6645030000000005,51.532669592582955
0.6655030000000005,51.433660093428735
0.6665030000000005,51.33414729616479
0.6675030000000005,51.23413273774419
0.6685030000000005,51.13361795876294
0.6695030000000005,51.03260450339191
0.6705030000000005,50.931093919309056
0.6715030000000005,50.82908775763193
0.6725030000000005,50.726587572850626
0.6735030000000005,50.623594922761065
0.6745030000000005,50.52011136839853
0.6755030000000005,50.416138473971756
0.6765030000000005,50.31167780679715
0.6775030000000005,50.20673093723358
0.6785030000000005,50.10129943861744
0.6795030000000005,49.99538488719809
0.6805030000000005,49.88898886207377
0.6815030000000005,49.782112945127714
0.6825030000000005,49.6747587209649
0.6835030000000005,49.56692777684902
0.6845030000000005,49.45862170263986
0.6855030000000005,49.3498420907312
0.6865030000000005,49.24059053598896
0.6875030000000005,49.13086863568992
0.6885030000000005,49.02067798946072
0.6895030000000005,48.91002019921731
0.6905030000000005,48.7988968691049
0.6915030000000005,48.68730960543827
0.6925030000000005,48.5752600166424
0.6935030000000005,48.462749713193794
0.6945030000000005,48.34978030756195
0.6955030000000005,48.23635341415146
0.6965030000000005,48.12247064924447
0.6970030000000005,48.0653588205673
0.6980030000000004,47.950795282911315
0.6990030000000003,47.83577992230491
0.7000030000000002,47.72031436115492
0.701003,47.6044002234924
0.7020029999999999,47.48803913491743
0.7030029999999999,47.371232722544484
0.7040029999999999,47.25398261494833
0.7050029999999999,47.13629044211023
0.7060029999999999,47.01815783536472
0.7070029999999999,46.89958642734679
0.7080029999999999,46.78057785193952
0.7090029999999999,46.66113374422225
0.7100029999999999,46.541255740419075
0.7110029999999999,46.42094547784797
0.7120029999999999,46.30020459487028
0.7130029999999999,46.17903473084059
0.7140029999999999,46.057437526057385
0.7150029999999999,45.935414621713754
0.716003,45.81296765984887
0.717003,45.69009828329981
0.718003,45.566808135653936
0.719003,45.44309886120161
0.720003,45.3189721048895
0.721003,45.19442951227432
0.722003,45.06947272947703
0.723003,44.944103403137504
0.724003,44.81832318036978
0.725003,44.69213370871754
0.726003,44.56553663611035
0.727003,44.43853361082016
0.728003,44.311126281418396
0.729003,44.18331629673348
0.730003,44.0551053058088
0.731003,43.92649495786123
0.732003,43.79748690224004
0.733003,43.668082788386336
0.734003,43.53828426579292
0.735003,43.40809298396469
0.736003,43.27751059237945
0.737003,43.1465387404492
0.738003,43.015179077481946
0.739003,42.88343325264391
0.740003,42.75130291492224
0.741003,42.618789713088205
0.742003,42.48589529566081
0.743003,42.35262131087094
0.744003,42.21896940662588
0.745003,42.084941230474406
0.746003,41.950538429572255
0.747003,41.81576265064806
0.748003,41.68061553996981
0.749003,41.54509874331171
0.750003,41.40921390592148
0.751003,41.272962672488205
0.752003,41.13634668711054
0.753003,40.9993675932654
0.754003,40.86202703377711
0.755003,40.724326650787056
0.756003,40.58626808572361
0.757003,40.44785297927276
0.758003,40.30908297134895
0.759003,40.169959701066496
0.760003,40.03048480671141
0.761003,39.89065992571362
0.762003,39.75048669461976
0.763003,39.6099667490662
0.764003,39.46910172375267
0.765003,39.32789325241628
0.766003,39.1863429678059
0.767003,39.044452501657034
0.768003,38.90222348466718
0.769003,38.75965754647141
0.770003,38.616756315618616
0.771003,38.47352141954802
0.772003,38.32995448456616
0.773003,38.18605713582423
0.774003,38.041830997295946
0.775003,37.89727769175577
0.776003,37.75239884075742
0.777003,37.60719606461307
0.778003,37.46167098237265
0.779003,37.315825211803705
0.780003,37.169660369371734
0.781003,37.0231780702207
0.782003,36.87637992815415
0.783003,36.72926755561659
0.784003,36.58184256367535
0.785003,36.43410656200277
0.786003,36.28606115885875
0.787003,36.137707961073836
0.788003,35.98904857403245
0.789003,35.840084601656756
0.790003,35.690817646390656
0.791003,35.54124930918439
0.792003,35.3913811894793
0.793003,35.24121488519314
0.794003,35.09075199270561
0.795003,34.93999410684441
0.796003,34.78894282087142
0.797003,34.63759972646954
0.798003,34.48596641372962
0.799003,34.33404447113791
0.800003,34.18183548556378
0.801003,34.02934104224784
0.802003,33.87656272479037
0.803003,33.72350211514009
0.804003,33.57016079358331
0.805003,33.4165403387334
0.806003,33.26264232752058
0.807003,33.10846833518209
0.808003,32.954019935252575
0.809003,32.79929869955499
0.810003,32.64430619819166
0.811003,32.48904399953572
0.812003,32.333513670222935
0.813003,32.17771677514376
0.814003,32.02165487743569
0.815003,31.865329538476082
0.816003,31.70874231787509
0.817003,31.55189477346906
0.818003,31.394788461314118
0.819003,31.23742493568014
0.820003,31.079805749045015
0.821003,30.92193245208916
0.822003,30.763806593690365
0.823003,30.6054297209189
0.824003,30.446803379032986
0.825003,30.287929111474458
0.826003,30.12880845986477
0.827003,29.969442964001264
0.828003,29.80983416185375
0.829003,29.649983589561316
0.830003,29.489892781429432
0.831003,29.329563269927345
0.832003,29.16899658568573
0.833003,29.00819425749459
0.834003,28.847157812301436
0.835003,28.685888775209794
0.836003,28.52438866947781
0.837003,28.36265901651729
0.838003,28.200701335892884
0.839003,28.038517145321567
0.840003,27.876107960672353
0.8410030000000001,27.713475295966298
0.8420030000000001,27.550620663376634
0.8430030000000001,27.38754557322931
0.8440030000000001,27.22425153400365
0.8450030000000001,27.060740052333298
0.8460030000000001,26.897012633007378
0.8470030000000001,26.73307077897191
0.8480030000000001,26.56891599133146
0.8490030000000001,26.40454976935095
0.8500030000000001,26.239973610457824
0.8510030000000001,26.07518901024433
0.8520030000000001,25.910197462470027
0.8530030000000001,25.74500045906458
0.8540030000000001,25.57959949013074
0.8550030000000001,25.41399604394748
0.8560030000000001,25.248191606973478
0.8570030000000001,25.082187663850632
0.8580030000000001,24.915985697407976
0.8590030000000001,24.749587188665622
0.8600030000000001,24.582993616839058
0.8610030000000001,24.416206459343517
0.8620030000000001,24.24922719179866
0.8630030000000001,24.08205728803338
0.8640030000000001,23.914698220090802
0.8650030000000001,23.747151458233546
0.8660030000000001,23.579418470949076
0.8670030000000001,23.411500724955356
0.8680030000000001,23.243399685206573
0.8690030000000001,23.075116814899133
0.8700030000000001,22.906653575477804
0.8710030000000001,22.73801142664202
0.8720030000000001,22.569191826352416
0.8730030000000001,22.40019623083751
0.8740030000000001,22.231026094600498
0.8750030000000001,22.06168287042636
0.8760030000000001,21.892168009389014
0.8770030000000001,21.722482960858656
0.8780030000000001,21.552629172509363
0.8790030000000001,21.38260809032671
0.8800030000000001,21.21242115861566
0.8810030000000001,21.042069820008575
0.8820030000000001,20.8715555154734
0.8830030000000001,20.70087968432196
0.8840030000000001,20.530043764218483
0.8850030000000001,20.359049191188202
0.8860030000000001,20.187897399626156
0.8870030000000001,20.01658982230614
0.8880030000000001,19.845127890389755
0.8890030000000001,19.67351303343564
0.8900030000000001,19.501746679408868
0.8910030000000001,19.329830254690428
0.8920030000000001,19.15776518408687
0.8930030000000001,18.985552890840125
0.8940030000000001,18.813194796637404
0.8950030000000001,18.640692321621245
0.8960030000000001,18.468046884399733
0.8970030000000001,18.295259902056777
0.8980030000000001,18.122332790162606
0.8990030000000001,17.94926696278431
0.9000030000000001,17.77606383249656
0.9010030000000001,17.602724810392406
0.9020030000000001,17.429251306094265
0.9030030000000001,17.255644727764945
0.9040030000000001,17.081906482118857
0.9050030000000001,16.90803797443331
0.9060030000000001,16.73404060855993
0.9070030000000001,16.559915786936187
0.9080030000000001,16.385664910597047
0.9090030000000001,16.211289379186724
0.9100030000000001,16.03679059097054
0.9110030000000001,15.86216994284689
0.9120030000000001,15.687428830359353
0.9130030000000001,15.512568647708814
0.9140030000000001,15.337590787765807
0.9150030000000001,15.162496642082868
0.9160030000000001,14.987287600907031
0.9170030000000001,14.811965053192411
0.9180030000000001,14.636530386612886
0.9190030000000001,14.460984987574857
0.9200030000000001,14.28533024123015
0.9210030000000001,14.109567531488949
0.9220030000000001,13.933698241032872
0.9230030000000001,13.757723751328099
0.9240030000000001,13.5816454426386
0.9250030000000001,13.405464694039477
0.9260030000000001,13.229182883430342
0.9270030000000001,13.052801387548818
0.9280030000000001,12.876321581984113
0.9290030000000001,12.699744841190657
0.9300030000000001,12.523072538501847
0.9310030000000001,12.346306046143848
0.9320030000000001,12.169446735249485
0.9330030000000001,11.992495975872215
0.9340030000000001,11.815455137000145
0.9350030000000001,11.638325586570167
0.9360030000000001,11.461108691482114
0.9370030000000001,11.283805817613036
0.9380030000000001,11.106418329831515
0.9390030000000001,10.92894759201207
0.9400030000000001,10.75139496704958
0.9410030000000001,10.573761816873851
0.9420030000000001,10.396049502464184
0.9430030000000001,10.218259383864014
0.9440030000000001,10.040392820195658
0.9450030000000001,9.862451169675056
0.9460030000000001,9.684435789626626
0.9470030000000002,9.50634803649815
0.9480030000000002,9.328189265875723
0.9490030000000002,9.149960832498758
0.9500030000000002,8.971664090275045
0.9510030000000002,8.793300392295883
0.9520030000000002,8.614871090851212
0.9530030000000002,8.436377537444871
0.9540030000000002,8.257821082809828
0.9550030000000002,8.079203076923529
0.9560030000000002,7.900524869023247
0.9570030000000002,7.7217878076214985
0.9580030000000002,7.542993240521491
0.9590030000000002,7.364142514832645
0.9600030000000002,7.185236976986124
0.9610030000000002,7.006277972750429
0.9620030000000002,6.8272668472470235
0.9630030000000002,6.64820494496601
0.9640030000000002,6.469093609781833
0.9650030000000002,6.2899341849690265
0.9660030000000002,6.110728013217998
0.9670030000000002,5.931476436650855
0.9680030000000002,5.752180796837241
0.9690030000000002,5.57284243481025
0.9700030000000002,5.393462691082322
0.9710030000000002,5.214042905661213
0.9720030000000002,5.034584418065971
0.9730030000000002,4.855088567342949
0.9740030000000002,4.675556692081851
0.9750030000000002,4.495990130431795
0.9760030000000002,4.316390220117411
0.9770030000000002,4.136758298454966
0.9780030000000002,3.9570957023685045
0.9790030000000002,3.7774037684060184
0.9800030000000002,3.5976838327556435
0.9810030000000002,3.4179372312618663
0.9820030000000002,3.23816529944176
0.9830030000000002,3.0583693725012426
0.9840030000000002,2.8785507853513397
0.9850030000000002,2.6987108726244813
0.9860030000000002,2.5188509686908023
0.9870030000000002,2.338972407674469
0.9880030000000002,2.159076523470011
0.9890030000000002,1.9791646497586683
0.9900030000000002,1.799238120024764
0.9910030000000002,1.619298267572065
0.9920030000000002,1.4393464255401742
0.9930030000000002,1.2593839269209217
0.9940030000000002,1.0794121045747698
0.9950030000000002,0.8994322912472195
0.9960030000000002,0.7194458195852326
0.9970030000000002,0.5394540221536506
0.9980030000000002,0.3594582314516247
0.9990030000000002,0.1794597799290464
1.0,3.0047618770119824e-12
